{"stats":{"minecraft:mined":{"minecraft:tuff":1,"minecraft:spruce_planks":8,"minecraft:deepslate_diamond_ore":59,"minecraft:lily_of_the_valley":1,"minecraft:obsidian":5,"minecraft:crafting_table":5,"minecraft:torch":9,"minecraft:short_grass":34,"minecraft:granite":13,"minecraft:grass_block":5,"minecraft:spruce_leaves":8,"minecraft:lapis_ore":3,"minecraft:deepslate_gold_ore":6,"minecraft:sugar_cane":2,"minecraft:diorite":11,"minecraft:wall_torch":9,"minecraft:blue_bed":1,"minecraft:spawner":2,"minecraft:large_fern":5,"minecraft:fire":6,"minecraft:furnace":7,"minecraft:iron_ore":51,"minecraft:spruce_log":13,"minecraft:birch_leaves":1,"minecraft:stripped_spruce_log":1,"minecraft:andesite":17,"minecraft:gold_block":1,"minecraft:deepslate_lapis_ore":4,"minecraft:coal_ore":23,"minecraft:deepslate_iron_ore":14,"minecraft:gravel":6,"minecraft:dirt":18,"minecraft:cobweb":7,"minecraft:stone":86,"minecraft:netherrack":12,"minecraft:oak_leaves":20,"minecraft:deepslate":168},"minecraft:killed":{"minecraft:cave_spider":2,"minecraft:pig":9,"minecraft:spider":4,"minecraft:skeleton":4,"minecraft:zombie":12,"minecraft:chicken":5,"minecraft:stray":1},"minecraft:crafted":{"minecraft:wooden_sword":1,"minecraft:cooked_porkchop":15,"minecraft:crafting_table":1,"minecraft:spruce_planks":52,"minecraft:iron_helmet":1,"minecraft:wooden_pickaxe":1,"minecraft:cooked_chicken":4,"minecraft:iron_sword":2,"minecraft:furnace":2,"minecraft:air":0,"minecraft:diamond_pickaxe":1,"minecraft:iron_boots":1,"minecraft:iron_chestplate":1,"minecraft:shield":1,"minecraft:iron_axe":1,"minecraft:stick":20,"minecraft:iron_ingot":40,"minecraft:iron_pickaxe":2,"minecraft:stone_pickaxe":1,"minecraft:wooden_axe":1,"minecraft:chest":1,"minecraft:iron_leggings":1,"minecraft:gold_ingot":6,"minecraft:torch":12},"minecraft:used":{"minecraft:stone_pickaxe":132,"minecraft:chest":1,"minecraft:spruce_planks":7,"minecraft:wooden_pickaxe":55,"minecraft:shield":29,"minecraft:iron_sword":77,"minecraft:cooked_chicken":4,"minecraft:blue_bed":1,"minecraft:iron_chestplate":1,"minecraft:torch":26,"minecraft:dirt":19,"minecraft:rail":2,"minecraft:lily_of_the_valley":1,"minecraft:crafting_table":6,"minecraft:granite":13,"minecraft:snowball":14,"minecraft:stripped_spruce_log":1,"minecraft:wooden_axe":33,"minecraft:diamond_pickaxe":5,"minecraft:apple":1,"minecraft:string":5,"minecraft:iron_boots":1,"minecraft:iron_axe":3,"minecraft:bread":4,"minecraft:iron_pickaxe":328,"minecraft:gravel":1,"minecraft:wooden_sword":48,"minecraft:cobblestone":47,"minecraft:oak_sapling":1,"minecraft:furnace":9,"minecraft:cooked_porkchop":18,"minecraft:andesite":3,"minecraft:egg":4,"minecraft:potato":1,"minecraft:cobbled_deepslate":155},"minecraft:broken":{"minecraft:stone_pickaxe":1,"minecraft:wooden_sword":1,"minecraft:iron_pickaxe":1},"minecraft:custom":{"minecraft:interact_with_furnace":43,"minecraft:mob_kills":40,"minecraft:interact_with_crafting_table":21,"minecraft:bell_ring":10,"minecraft:leave_game":5,"minecraft:time_since_death":98789,"minecraft:sleep_in_bed":3,"minecraft:time_since_rest":18953,"minecraft:sprint_one_cm":220039,"minecraft:damage_taken":1742,"minecraft:walk_one_cm":128351,"minecraft:damage_blocked_by_shield":661,"minecraft:drop":30,"minecraft:damage_dealt":5391,"minecraft:swim_one_cm":825,"minecraft:fly_one_cm":369306,"minecraft:open_chest":9,"minecraft:crouch_one_cm":40742,"minecraft:play_time":98789,"minecraft:sneak_time":16484,"minecraft:walk_under_water_one_cm":3651,"minecraft:jump":2317,"minecraft:walk_on_water_one_cm":10802,"minecraft:total_world_time":98789,"minecraft:fall_one_cm":60529},"minecraft:dropped":{"minecraft:gravel":5,"minecraft:wheat_seeds":10,"minecraft:cobbled_deepslate":8,"minecraft:tuff":1,"minecraft:feather":10,"minecraft:cobblestone":32,"minecraft:rotten_flesh":6,"minecraft:dirt":1,"minecraft:diorite":11,"minecraft:spruce_planks":4,"minecraft:wooden_axe":1,"minecraft:andesite":13,"minecraft:spider_eye":2,"minecraft:arrow":3,"minecraft:wooden_pickaxe":1,"minecraft:string":4,"minecraft:bone":3},"minecraft:picked_up":{"minecraft:crafting_table":5,"minecraft:feather":10,"minecraft:chicken":5,"minecraft:andesite":16,"minecraft:potato":1,"minecraft:gold_block":1,"minecraft:tuff":1,"minecraft:dirt":20,"minecraft:lapis_lazuli":45,"minecraft:blue_bed":1,"minecraft:string":12,"minecraft:bone":7,"minecraft:apple":1,"minecraft:wheat_seeds":10,"minecraft:cobbled_deepslate":163,"minecraft:raw_gold":6,"minecraft:spruce_planks":58,"minecraft:sugar_cane":7,"minecraft:furnace":7,"minecraft:egg":4,"minecraft:tipped_arrow":1,"minecraft:raw_iron":65,"minecraft:cooked_porkchop":4,"minecraft:torch":19,"minecraft:gravel":6,"minecraft:porkchop":19,"minecraft:stripped_spruce_log":1,"minecraft:diorite":11,"minecraft:spruce_log":13,"minecraft:lily_of_the_valley":1,"minecraft:spider_eye":2,"minecraft:arrow":6,"minecraft:rotten_flesh":12,"minecraft:diamond":59,"minecraft:granite":13,"minecraft:oak_sapling":1,"minecraft:snowball":14,"minecraft:netherrack":12,"minecraft:obsidian":4,"minecraft:coal":44,"minecraft:rail":2,"minecraft:cobblestone":98}},"DataVersion":3839}