{"stats":{"minecraft:picked_up":{"minecraft:crafting_table":5,"minecraft:feather":10,"minecraft:chicken":5,"minecraft:andesite":13,"minecraft:tuff":1,"minecraft:string":2,"minecraft:blue_bed":1,"minecraft:dirt":15,"minecraft:lapis_lazuli":45,"minecraft:apple":1,"minecraft:wheat_seeds":10,"minecraft:cobbled_deepslate":163,"minecraft:raw_gold":6,"minecraft:spruce_planks":56,"minecraft:sugar_cane":7,"minecraft:egg":4,"minecraft:furnace":7,"minecraft:raw_iron":42,"minecraft:cooked_porkchop":4,"minecraft:torch":17,"minecraft:gravel":6,"minecraft:porkchop":19,"minecraft:stripped_spruce_log":1,"minecraft:diorite":11,"minecraft:spruce_log":13,"minecraft:lily_of_the_valley":1,"minecraft:spider_eye":1,"minecraft:arrow":2,"minecraft:rotten_flesh":6,"minecraft:diamond":59,"minecraft:granite":13,"minecraft:oak_sapling":1,"minecraft:coal":37,"minecraft:cobblestone":80},"minecraft:killed":{"minecraft:pig":9,"minecraft:spider":2,"minecraft:skeleton":1,"minecraft:zombie":7,"minecraft:chicken":5},"minecraft:crafted":{"minecraft:wooden_sword":1,"minecraft:cooked_porkchop":15,"minecraft:crafting_table":1,"minecraft:spruce_planks":52,"minecraft:wooden_pickaxe":1,"minecraft:iron_helmet":1,"minecraft:cooked_chicken":4,"minecraft:iron_sword":2,"minecraft:furnace":2,"minecraft:air":0,"minecraft:iron_boots":1,"minecraft:iron_chestplate":1,"minecraft:shield":1,"minecraft:iron_axe":1,"minecraft:stick":20,"minecraft:iron_ingot":40,"minecraft:iron_pickaxe":2,"minecraft:stone_pickaxe":1,"minecraft:wooden_axe":1,"minecraft:chest":1,"minecraft:gold_ingot":6,"minecraft:iron_leggings":1,"minecraft:torch":12},"minecraft:broken":{"minecraft:stone_pickaxe":1,"minecraft:wooden_sword":1,"minecraft:iron_pickaxe":1},"minecraft:dropped":{"minecraft:gravel":5,"minecraft:wheat_seeds":10,"minecraft:cobbled_deepslate":8,"minecraft:tuff":1,"minecraft:cobblestone":32,"minecraft:feather":10,"minecraft:rotten_flesh":6,"minecraft:dirt":1,"minecraft:diorite":11,"minecraft:wooden_axe":1,"minecraft:andesite":13,"minecraft:spruce_planks":4,"minecraft:spider_eye":1,"minecraft:arrow":2,"minecraft:wooden_pickaxe":1},"minecraft:custom":{"minecraft:interact_with_furnace":42,"minecraft:mob_kills":25,"minecraft:interact_with_crafting_table":20,"minecraft:bell_ring":10,"minecraft:leave_game":5,"minecraft:time_since_death":83967,"minecraft:sleep_in_bed":3,"minecraft:time_since_rest":4131,"minecraft:sprint_one_cm":188682,"minecraft:damage_taken":1423,"minecraft:walk_one_cm":104589,"minecraft:damage_blocked_by_shield":66,"minecraft:drop":25,"minecraft:damage_dealt":3019,"minecraft:swim_one_cm":825,"minecraft:fly_one_cm":311640,"minecraft:open_chest":5,"minecraft:crouch_one_cm":29208,"minecraft:play_time":83967,"minecraft:sneak_time":12310,"minecraft:walk_under_water_one_cm":3651,"minecraft:jump":1974,"minecraft:walk_on_water_one_cm":10802,"minecraft:total_world_time":83967,"minecraft:fall_one_cm":53757},"minecraft:used":{"minecraft:stone_pickaxe":132,"minecraft:spruce_planks":5,"minecraft:chest":1,"minecraft:shield":2,"minecraft:wooden_pickaxe":55,"minecraft:iron_sword":25,"minecraft:blue_bed":1,"minecraft:cooked_chicken":4,"minecraft:iron_chestplate":1,"minecraft:torch":23,"minecraft:dirt":14,"minecraft:lily_of_the_valley":1,"minecraft:crafting_table":6,"minecraft:granite":13,"minecraft:stripped_spruce_log":1,"minecraft:wooden_axe":33,"minecraft:apple":1,"minecraft:bread":1,"minecraft:iron_axe":1,"minecraft:iron_pickaxe":255,"minecraft:iron_boots":1,"minecraft:gravel":1,"minecraft:wooden_sword":48,"minecraft:cobblestone":29,"minecraft:furnace":9,"minecraft:oak_sapling":1,"minecraft:cooked_porkchop":15,"minecraft:egg":4,"minecraft:cobbled_deepslate":155},"minecraft:mined":{"minecraft:tuff":1,"minecraft:spruce_planks":6,"minecraft:deepslate_diamond_ore":59,"minecraft:lily_of_the_valley":1,"minecraft:crafting_table":5,"minecraft:torch":8,"minecraft:granite":13,"minecraft:short_grass":34,"minecraft:grass_block":4,"minecraft:spruce_leaves":8,"minecraft:deepslate_gold_ore":6,"minecraft:lapis_ore":3,"minecraft:sugar_cane":2,"minecraft:diorite":11,"minecraft:blue_bed":1,"minecraft:wall_torch":8,"minecraft:large_fern":5,"minecraft:furnace":7,"minecraft:iron_ore":29,"minecraft:spruce_log":13,"minecraft:stripped_spruce_log":1,"minecraft:andesite":14,"minecraft:birch_leaves":1,"minecraft:deepslate_lapis_ore":4,"minecraft:coal_ore":16,"minecraft:deepslate_iron_ore":13,"minecraft:gravel":6,"minecraft:dirt":14,"minecraft:cobweb":2,"minecraft:stone":68,"minecraft:oak_leaves":20,"minecraft:deepslate":168}},"DataVersion":3839}