{"stats":{"minecraft:picked_up":{"minecraft:wooden_axe":1,"minecraft:andesite":5,"minecraft:potato":24,"minecraft:flint":1,"minecraft:tuff":3,"minecraft:oak_log":1,"minecraft:shield":3,"minecraft:gunpowder":1,"minecraft:dirt":1,"minecraft:lapis_lazuli":79,"minecraft:blue_bed":1,"minecraft:string":1,"minecraft:oak_trapdoor":1,"minecraft:raw_copper":95,"minecraft:wheat_seeds":10,"minecraft:cobbled_deepslate":18,"minecraft:raw_gold":3,"minecraft:bucket":2,"minecraft:spruce_planks":60,"minecraft:stone_pickaxe":3,"minecraft:iron_pickaxe":3,"minecraft:sugar_cane":6,"minecraft:oak_planks":5,"minecraft:iron_boots":3,"minecraft:stick":10,"minecraft:raw_iron":17,"minecraft:torch":52,"minecraft:gravel":3,"minecraft:diorite":7,"minecraft:spruce_log":11,"minecraft:redstone":4,"minecraft:stone_sword":2,"minecraft:rotten_flesh":7,"minecraft:slime_ball":2,"minecraft:diamond":9,"minecraft:granite":2,"minecraft:coal":27,"minecraft:cobblestone":146},"minecraft:killed":{"minecraft:slime":7,"minecraft:creeper":2,"minecraft:skeleton":1,"minecraft:zombie":7},"minecraft:crafted":{"minecraft:oak_planks":4,"minecraft:crafting_table":2,"minecraft:spruce_planks":44,"minecraft:wooden_pickaxe":1,"minecraft:furnace":1,"minecraft:bucket":1,"minecraft:air":0,"minecraft:iron_chestplate":1,"minecraft:shield":2,"minecraft:stick":36,"minecraft:iron_ingot":27,"minecraft:iron_pickaxe":1,"minecraft:stone_pickaxe":1,"minecraft:stone_sword":1,"minecraft:chest":1,"minecraft:iron_leggings":1,"minecraft:torch":88},"minecraft:broken":{"minecraft:stone_pickaxe":1,"minecraft:wooden_pickaxe":1},"minecraft:dropped":{"minecraft:iron_ingot":4,"minecraft:sugar_cane":3,"minecraft:oak_trapdoor":1,"minecraft:stone_sword":2,"minecraft:raw_copper":44,"minecraft:diamond":8,"minecraft:cobblestone":15,"minecraft:rotten_flesh":3,"minecraft:oak_planks":5,"minecraft:iron_boots":2,"minecraft:coal":10,"minecraft:flint":1,"minecraft:stick":17,"minecraft:shield":4,"minecraft:diorite":5,"minecraft:torch":31,"minecraft:spruce_planks":44,"minecraft:wooden_axe":1,"minecraft:andesite":4,"minecraft:stone_pickaxe":3,"minecraft:iron_pickaxe":3,"minecraft:bucket":2},"minecraft:custom":{"minecraft:interact_with_furnace":31,"minecraft:mob_kills":18,"minecraft:interact_with_crafting_table":25,"minecraft:leave_game":2,"minecraft:time_since_death":24827,"minecraft:sleep_in_bed":4,"minecraft:time_since_rest":24875,"minecraft:sprint_one_cm":149957,"minecraft:damage_taken":1173,"minecraft:walk_one_cm":231788,"minecraft:damage_blocked_by_shield":683,"minecraft:drop":56,"minecraft:damage_dealt":2369,"minecraft:fly_one_cm":297119,"minecraft:open_chest":42,"minecraft:crouch_one_cm":32968,"minecraft:play_time":81340,"minecraft:deaths":4,"minecraft:sneak_time":9322,"minecraft:walk_under_water_one_cm":592,"minecraft:jump":1988,"minecraft:walk_on_water_one_cm":4327,"minecraft:total_world_time":81340,"minecraft:fall_one_cm":52602},"minecraft:used":{"minecraft:diorite":5,"minecraft:stone_sword":55,"minecraft:stone_pickaxe":132,"minecraft:wooden_pickaxe":58,"minecraft:chest":1,"minecraft:spruce_planks":15,"minecraft:shield":12,"minecraft:blue_bed":1,"minecraft:rotten_flesh":11,"minecraft:iron_chestplate":1,"minecraft:torch":110,"minecraft:dirt":1,"minecraft:crafting_table":2,"minecraft:tuff":4,"minecraft:granite":2,"minecraft:lava_bucket":1,"minecraft:iron_pickaxe":36,"minecraft:iron_boots":2,"minecraft:gravel":5,"minecraft:cobblestone":136,"minecraft:furnace":1,"minecraft:bucket":1,"minecraft:andesite":6,"minecraft:potato":6,"minecraft:cobbled_deepslate":34},"minecraft:mined":{"minecraft:tuff":2,"minecraft:deepslate_diamond_ore":1,"minecraft:torch":14,"minecraft:short_grass":1,"minecraft:copper_ore":12,"minecraft:cobblestone":4,"minecraft:spruce_leaves":3,"minecraft:lapis_ore":7,"minecraft:deepslate_gold_ore":1,"minecraft:diorite":3,"minecraft:wall_torch":3,"minecraft:blue_bed":1,"minecraft:deepslate_copper_ore":2,"minecraft:redstone_ore":2,"minecraft:wheat":6,"minecraft:iron_ore":8,"minecraft:cobbled_deepslate":1,"minecraft:spruce_log":11,"minecraft:andesite":3,"minecraft:deepslate_lapis_ore":7,"minecraft:potatoes":24,"minecraft:oak_log":1,"minecraft:coal_ore":17,"minecraft:deepslate_iron_ore":8,"minecraft:gravel":4,"minecraft:dirt":1,"minecraft:stone":128,"minecraft:gold_ore":2,"minecraft:deepslate":15}},"DataVersion":3839}