{"stats":{"minecraft:picked_up":{"minecraft:crafting_table":10,"minecraft:chicken":5,"minecraft:oak_stairs":9,"minecraft:string":5,"minecraft:raw_copper":6,"minecraft:iron_axe":1,"minecraft:smooth_stone":3,"minecraft:cobbled_deepslate":22,"minecraft:spruce_planks":1,"minecraft:beef":5,"minecraft:sugar_cane":19,"minecraft:furnace":10,"minecraft:raw_iron":82,"minecraft:stick":3,"minecraft:oak_door":1,"minecraft:torch":34,"minecraft:porkchop":12,"minecraft:diorite":3,"minecraft:redstone":20,"minecraft:arrow":2,"minecraft:rotten_flesh":19,"minecraft:mutton":7,"minecraft:white_wool":5,"minecraft:cobblestone":186,"minecraft:feather":7,"minecraft:lilac":3,"minecraft:glow_ink_sac":3,"minecraft:andesite":11,"minecraft:leather":4,"minecraft:birch_planks":5,"minecraft:flint":1,"minecraft:tuff":1,"minecraft:oak_log":13,"minecraft:magenta_bed":5,"minecraft:gunpowder":4,"minecraft:lapis_lazuli":45,"minecraft:dirt":11,"minecraft:bone":2,"minecraft:kelp":19,"minecraft:wheat_seeds":1,"minecraft:raw_gold":3,"minecraft:iron_ingot":1,"minecraft:rabbit":1,"minecraft:oak_planks":15,"minecraft:dark_oak_stairs":2,"minecraft:oak_slab":2,"minecraft:pumpkin":5,"minecraft:gravel":25,"minecraft:sand":12,"minecraft:blast_furnace":1,"minecraft:spruce_log":7,"minecraft:spider_eye":1,"minecraft:diamond":5,"minecraft:spruce_boat":7,"minecraft:granite":9,"minecraft:oak_sapling":4,"minecraft:coal":131},"minecraft:broken":{"minecraft:stone_pickaxe":1,"minecraft:stone_axe":1},"minecraft:killed":{"minecraft:spider":4,"minecraft:skeleton":1,"minecraft:chicken":5,"minecraft:pig":5,"minecraft:creeper":3,"minecraft:sheep":4,"minecraft:zombie":13,"minecraft:cow":3},"minecraft:crafted":{"minecraft:oak_door":3,"minecraft:smooth_stone":4,"minecraft:oak_planks":24,"minecraft:cooked_chicken":5,"minecraft:furnace":1,"minecraft:blast_furnace":1,"minecraft:stone":4,"minecraft:cooked_mutton":7,"minecraft:flint_and_steel":1,"minecraft:iron_boots":1,"minecraft:iron_axe":1,"minecraft:stone_pickaxe":1,"minecraft:spruce_boat":1,"minecraft:magenta_dye":2,"minecraft:cooked_rabbit":1,"minecraft:cooked_beef":5,"minecraft:magenta_bed":1,"minecraft:cooked_porkchop":11,"minecraft:crafting_table":1,"minecraft:spruce_planks":28,"minecraft:wooden_pickaxe":1,"minecraft:iron_helmet":1,"minecraft:bucket":1,"minecraft:stone_axe":1,"minecraft:air":0,"minecraft:iron_chestplate":1,"minecraft:charcoal":7,"minecraft:shield":1,"minecraft:stick":32,"minecraft:iron_ingot":82,"minecraft:iron_pickaxe":2,"minecraft:wooden_axe":1,"minecraft:iron_leggings":1,"minecraft:white_bed":1,"minecraft:torch":76},"minecraft:dropped":{"minecraft:oak_slab":2,"minecraft:birch_planks":2,"minecraft:porkchop":1,"minecraft:wheat_seeds":1,"minecraft:lilac":2,"minecraft:cobblestone":14,"minecraft:granite":9,"minecraft:dirt":2,"minecraft:diorite":3,"minecraft:oak_stairs":9,"minecraft:iron_axe":1,"minecraft:sand":3,"minecraft:smooth_stone":1,"minecraft:gravel":25,"minecraft:kelp":19,"minecraft:cobbled_deepslate":9,"minecraft:rotten_flesh":19,"minecraft:oak_planks":1,"minecraft:andesite":9,"minecraft:spider_eye":1,"minecraft:magenta_dye":1},"minecraft:custom":{"minecraft:mob_kills":38,"minecraft:interact_with_crafting_table":26,"minecraft:leave_game":2,"minecraft:time_since_death":91101,"minecraft:sprint_one_cm":207258,"minecraft:walk_one_cm":272930,"minecraft:damage_blocked_by_shield":732,"minecraft:drop":57,"minecraft:play_time":91101,"minecraft:sneak_time":2894,"minecraft:walk_under_water_one_cm":8171,"minecraft:boat_one_cm":123886,"minecraft:jump":1700,"minecraft:interact_with_blast_furnace":12,"minecraft:walk_on_water_one_cm":11796,"minecraft:total_world_time":91101,"minecraft:interact_with_furnace":51,"minecraft:sleep_in_bed":9,"minecraft:time_since_rest":3171,"minecraft:damage_taken":1042,"minecraft:damage_dealt":5459,"minecraft:swim_one_cm":34833,"minecraft:fly_one_cm":208324,"minecraft:open_chest":1,"minecraft:crouch_one_cm":6196,"minecraft:fall_one_cm":36437},"minecraft:used":{"minecraft:shield":33,"minecraft:oak_door":1,"minecraft:torch":94,"minecraft:dirt":9,"minecraft:tuff":1,"minecraft:spruce_boat":7,"minecraft:wooden_axe":17,"minecraft:lava_bucket":12,"minecraft:iron_axe":78,"minecraft:furnace":10,"minecraft:cobbled_deepslate":13,"minecraft:cooked_mutton":7,"minecraft:water_bucket":4,"minecraft:stone_pickaxe":147,"minecraft:oak_planks":11,"minecraft:wooden_pickaxe":13,"minecraft:sand":9,"minecraft:crafting_table":10,"minecraft:magenta_bed":5,"minecraft:blast_furnace":1,"minecraft:iron_pickaxe":237,"minecraft:stone_axe":91,"minecraft:cobblestone":147,"minecraft:cooked_porkchop":9,"minecraft:bucket":17,"minecraft:cooked_rabbit":1,"minecraft:andesite":2},"minecraft:mined":{"minecraft:spruce_planks":1,"minecraft:deepslate_diamond_ore":5,"minecraft:granite":5,"minecraft:grass_block":5,"minecraft:spruce_leaves":1,"minecraft:redstone_ore":1,"minecraft:furnace":10,"minecraft:iron_ore":62,"minecraft:andesite":11,"minecraft:pumpkin":5,"minecraft:deepslate_lapis_ore":2,"minecraft:dark_oak_stairs":1,"minecraft:deepslate_iron_ore":19,"minecraft:oak_stairs":20,"minecraft:stone":171,"minecraft:deepslate_redstone_ore":3,"minecraft:oak_slab":1,"minecraft:crafting_table":10,"minecraft:torch":12,"minecraft:short_grass":8,"minecraft:blast_furnace":1,"minecraft:copper_ore":2,"minecraft:cobblestone":1,"minecraft:lapis_ore":5,"minecraft:deepslate_gold_ore":1,"minecraft:oak_planks":26,"minecraft:sugar_cane":9,"minecraft:diorite":3,"minecraft:wall_torch":19,"minecraft:birch_planks":15,"minecraft:magenta_bed":5,"minecraft:ice":3,"minecraft:lilac":3,"minecraft:spruce_log":7,"minecraft:birch_leaves":1,"minecraft:coal_ore":49,"minecraft:oak_log":13,"minecraft:gravel":8,"minecraft:sand":12,"minecraft:dirt":9,"minecraft:gold_ore":2,"minecraft:oak_leaves":2,"minecraft:deepslate":6,"minecraft:fern":12}},"DataVersion":3839}