{"stats":{"minecraft:picked_up":{"minecraft:wooden_axe":4,"minecraft:crafting_table":8,"minecraft:chicken":4,"minecraft:smithing_table":1,"minecraft:wooden_pickaxe":1,"minecraft:brewing_stand":2,"minecraft:string":16,"minecraft:white_carpet":2,"minecraft:cobbled_deepslate":206,"minecraft:spruce_planks":62,"minecraft:beef":18,"minecraft:azalea":3,"minecraft:redstone_torch":1,"minecraft:azalea_leaves":2,"minecraft:iron_nugget":15,"minecraft:poppy":1,"minecraft:light_gray_wool":1,"minecraft:spruce_slab":1,"minecraft:sugar_cane":31,"minecraft:chest":1,"minecraft:furnace":4,"minecraft:iron_boots":1,"minecraft:stick":9,"minecraft:raw_iron":59,"minecraft:torch":8,"minecraft:bowl":1,"minecraft:flowering_azalea_leaves":28,"minecraft:porkchop":23,"minecraft:golden_axe":1,"minecraft:diorite":10,"minecraft:carrot":12,"minecraft:arrow":16,"minecraft:rotten_flesh":10,"minecraft:beetroot_seeds":3,"minecraft:obsidian":2,"minecraft:mutton":2,"minecraft:iron_bars":3,"minecraft:snowball":25,"minecraft:white_wool":2,"minecraft:cobblestone":318,"minecraft:feather":6,"minecraft:andesite":1,"minecraft:salmon":3,"minecraft:leather":11,"minecraft:smoker":1,"minecraft:birch_planks":3,"minecraft:flint":5,"minecraft:tuff":4,"minecraft:stripped_spruce_wood":3,"minecraft:dirt":53,"minecraft:blue_bed":9,"minecraft:paper":10,"minecraft:bone":18,"minecraft:bow":2,"minecraft:wheat_seeds":8,"minecraft:raw_gold":15,"minecraft:iron_ingot":16,"minecraft:cobweb":26,"minecraft:flowering_azalea":4,"minecraft:rabbit":1,"minecraft:bamboo":1,"minecraft:oak_planks":1,"minecraft:sweet_berries":45,"minecraft:gravel":2,"minecraft:sand":1,"minecraft:stripped_spruce_log":1,"minecraft:spruce_sapling":5,"minecraft:white_bed":1,"minecraft:spruce_log":54,"minecraft:spider_eye":6,"minecraft:mossy_cobblestone":4,"minecraft:diamond":28,"minecraft:spruce_boat":1,"minecraft:granite":33,"minecraft:golden_apple":1,"minecraft:emerald":9,"minecraft:light_gray_carpet":3,"minecraft:coal":38},"minecraft:broken":{"minecraft:iron_pickaxe":2},"minecraft:crafted":{"minecraft:cooked_chicken":3,"minecraft:furnace":4,"minecraft:iron_boots":1,"minecraft:iron_axe":2,"minecraft:chest":2,"minecraft:spruce_boat":1,"minecraft:cooked_beef":6,"minecraft:spruce_sign":3,"minecraft:cooked_porkchop":23,"minecraft:crafting_table":5,"minecraft:spruce_planks":228,"minecraft:iron_helmet":1,"minecraft:iron_sword":1,"minecraft:bucket":2,"minecraft:bread":2,"minecraft:stone_axe":1,"minecraft:air":0,"minecraft:iron_chestplate":1,"minecraft:wooden_hoe":1,"minecraft:shield":1,"minecraft:stick":24,"minecraft:iron_ingot":62,"minecraft:iron_pickaxe":5,"minecraft:wooden_axe":1,"minecraft:gold_ingot":15,"minecraft:iron_leggings":1,"minecraft:shears":1},"minecraft:killed":{"minecraft:cave_spider":8,"minecraft:spider":9,"minecraft:skeleton":12,"minecraft:chicken":4,"minecraft:pig":10,"minecraft:salmon":5,"minecraft:iron_golem":3,"minecraft:creeper":1,"minecraft:sheep":2,"minecraft:zombie":16,"minecraft:villager":3,"minecraft:cow":8},"minecraft:dropped":{"minecraft:iron_ingot":2,"minecraft:birch_planks":2,"minecraft:wheat_seeds":5,"minecraft:mossy_cobblestone":2,"minecraft:golden_axe":1,"minecraft:feather":2,"minecraft:cobblestone":48,"minecraft:granite":33,"minecraft:golden_apple":1,"minecraft:stick":5,"minecraft:dirt":31,"minecraft:diorite":8,"minecraft:wooden_axe":4,"minecraft:snowball":15,"minecraft:iron_pickaxe":1,"minecraft:string":3,"minecraft:white_wool":2,"minecraft:blue_bed":1,"minecraft:gravel":2,"minecraft:furnace":1,"minecraft:stone_axe":1,"minecraft:iron_nugget":6,"minecraft:cobbled_deepslate":14,"minecraft:bowl":1,"minecraft:white_carpet":2,"minecraft:rotten_flesh":1,"minecraft:light_gray_wool":1,"minecraft:light_gray_carpet":3,"minecraft:white_bed":1,"minecraft:suspicious_stew":1,"minecraft:poppy":1,"minecraft:azalea_leaves":2,"minecraft:beetroot_seeds":3,"minecraft:azalea":3,"minecraft:chest":1,"minecraft:spider_eye":1,"minecraft:iron_bars":3,"minecraft:bow":2,"minecraft:wooden_pickaxe":1,"minecraft:flowering_azalea_leaves":14},"minecraft:custom":{"minecraft:mob_kills":83,"minecraft:interact_with_crafting_table":27,"minecraft:open_barrel":3,"minecraft:leave_game":1,"minecraft:time_since_death":206679,"minecraft:climb_one_cm":5952,"minecraft:sprint_one_cm":662720,"minecraft:walk_one_cm":448090,"minecraft:damage_blocked_by_shield":385,"minecraft:drop":57,"minecraft:talked_to_villager":5,"minecraft:play_time":223063,"minecraft:deaths":1,"minecraft:sneak_time":14794,"minecraft:walk_under_water_one_cm":18246,"minecraft:boat_one_cm":28136,"minecraft:jump":3812,"minecraft:interact_with_brewingstand":2,"minecraft:walk_on_water_one_cm":19190,"minecraft:total_world_time":223063,"minecraft:interact_with_furnace":59,"minecraft:sleep_in_bed":8,"minecraft:time_since_rest":72585,"minecraft:damage_taken":2855,"minecraft:damage_dealt":14699,"minecraft:player_kills":2,"minecraft:swim_one_cm":34051,"minecraft:fly_one_cm":894396,"minecraft:open_chest":27,"minecraft:crouch_one_cm":35302,"minecraft:interact_with_smoker":2,"minecraft:fall_one_cm":80128},"minecraft:used":{"minecraft:chest":2,"minecraft:spruce_planks":193,"minecraft:shield":14,"minecraft:iron_sword":103,"minecraft:cooked_chicken":3,"minecraft:torch":30,"minecraft:dirt":22,"minecraft:mutton":2,"minecraft:carrot":12,"minecraft:snowball":10,"minecraft:spruce_boat":2,"minecraft:wooden_axe":28,"minecraft:iron_axe":194,"minecraft:iron_boots":2,"minecraft:beef":10,"minecraft:sweet_berries":45,"minecraft:furnace":5,"minecraft:cooked_beef":3,"minecraft:potato":3,"minecraft:golden_axe":21,"minecraft:wheat_seeds":3,"minecraft:diorite":2,"minecraft:rabbit":1,"minecraft:spruce_sign":3,"minecraft:blue_bed":7,"minecraft:golden_apple":1,"minecraft:mossy_cobblestone":2,"minecraft:rail":2,"minecraft:crafting_table":12,"minecraft:spruce_log":1,"minecraft:shears":86,"minecraft:smoker":1,"minecraft:wooden_hoe":10,"minecraft:bread":9,"minecraft:iron_pickaxe":841,"minecraft:spruce_sapling":1,"minecraft:stone_axe":16,"minecraft:cobblestone":174,"minecraft:cooked_porkchop":16,"minecraft:bucket":2,"minecraft:andesite":1,"minecraft:splash_potion":1,"minecraft:cobweb":4},"minecraft:mined":{"minecraft:tuff":5,"minecraft:spruce_planks":7,"minecraft:white_bed":1,"minecraft:mossy_cobblestone":3,"minecraft:deepslate_diamond_ore":28,"minecraft:brewing_stand":2,"minecraft:granite":33,"minecraft:grass_block":9,"minecraft:spruce_leaves":49,"minecraft:moss_block":4,"minecraft:spawner":1,"minecraft:large_fern":6,"minecraft:furnace":4,"minecraft:carrots":1,"minecraft:iron_ore":39,"minecraft:andesite":3,"minecraft:stripped_spruce_log":1,"minecraft:potatoes":8,"minecraft:deepslate_iron_ore":21,"minecraft:flowering_azalea_leaves":16,"minecraft:iron_bars":3,"minecraft:packed_ice":7,"minecraft:azalea_leaves":39,"minecraft:azalea":2,"minecraft:stone":317,"minecraft:spruce_slab":1,"minecraft:smithing_table":1,"minecraft:podzol":1,"minecraft:light_gray_carpet":3,"minecraft:flowering_azalea":4,"minecraft:glass_pane":1,"minecraft:infested_stone_bricks":1,"minecraft:smoker":1,"minecraft:torch":1,"minecraft:crafting_table":7,"minecraft:short_grass":5,"minecraft:emerald_ore":5,"minecraft:tall_grass":3,"minecraft:cobblestone":5,"minecraft:deepslate_gold_ore":15,"minecraft:wall_torch":1,"minecraft:oak_planks":1,"minecraft:diorite":11,"minecraft:blue_bed":7,"minecraft:spruce_stairs":1,"minecraft:birch_planks":1,"minecraft:stripped_spruce_wood":3,"minecraft:wheat":3,"minecraft:sweet_berry_bush":21,"minecraft:ice":31,"minecraft:white_carpet":2,"minecraft:spruce_log":47,"minecraft:coal_ore":35,"minecraft:gravel":4,"minecraft:sand":2,"minecraft:dirt":37,"minecraft:cobweb":32,"minecraft:deepslate":239,"minecraft:oak_leaves":1,"minecraft:fern":8},"minecraft:killed_by":{"minecraft:player":1}},"DataVersion":3839}