{"stats":{"minecraft:killed_by":{"minecraft:player":2,"minecraft:stray":2,"minecraft:spider":1,"minecraft:enderman":1,"minecraft:iron_golem":1},"minecraft:mined":{"minecraft:dark_oak_planks":17,"minecraft:birch_stairs":2,"minecraft:oak_slab":1,"minecraft:spruce_planks":18,"minecraft:crafting_table":4,"minecraft:oak_fence":1,"minecraft:dark_oak_fence":1,"minecraft:short_grass":9,"minecraft:grass_block":6,"minecraft:chest":1,"minecraft:birch_slab":5,"minecraft:spruce_leaves":3,"minecraft:oak_planks":24,"minecraft:blue_bed":1,"minecraft:spruce_stairs":1,"minecraft:birch_planks":1,"minecraft:wheat":2,"minecraft:spruce_log":12,"minecraft:andesite":11,"minecraft:pumpkin":53,"minecraft:bee_nest":1,"minecraft:dark_oak_stairs":6,"minecraft:oak_log":32,"minecraft:potatoes":6,"minecraft:coal_ore":15,"minecraft:oak_stairs":6,"minecraft:oak_leaves":6,"minecraft:stone":10,"minecraft:spruce_slab":9},"minecraft:custom":{"minecraft:interact_with_smithing_table":1,"minecraft:interact_with_furnace":8,"minecraft:mob_kills":18,"minecraft:interact_with_crafting_table":8,"minecraft:leave_game":1,"minecraft:time_since_death":40809,"minecraft:sleep_in_bed":2,"minecraft:time_since_rest":38336,"minecraft:sprint_one_cm":166951,"minecraft:damage_taken":2211,"minecraft:walk_one_cm":268620,"minecraft:damage_dealt":2060,"minecraft:swim_one_cm":677,"minecraft:fly_one_cm":95393,"minecraft:open_chest":1,"minecraft:crouch_one_cm":577,"minecraft:play_time":60037,"minecraft:deaths":7,"minecraft:sneak_time":388,"minecraft:walk_under_water_one_cm":266,"minecraft:jump":650,"minecraft:walk_on_water_one_cm":7615,"minecraft:total_world_time":60037,"minecraft:fall_one_cm":8651},"minecraft:broken":{"minecraft:wooden_axe":2,"minecraft:wooden_pickaxe":1},"minecraft:used":{"minecraft:cooked_mutton":1,"minecraft:wooden_pickaxe":50,"minecraft:crafting_table":4,"minecraft:carrot":1,"minecraft:white_bed":1,"minecraft:dark_oak_planks":8,"minecraft:wooden_axe":155,"minecraft:apple":1,"minecraft:suspicious_stew":1,"minecraft:furnace":1,"minecraft:porkchop":8,"minecraft:cooked_beef":3,"minecraft:potato":3,"minecraft:pumpkin":30},"minecraft:picked_up":{"minecraft:wooden_axe":4,"minecraft:crafting_table":4,"minecraft:suspicious_stew":1,"minecraft:birch_slab":5,"minecraft:andesite":10,"minecraft:leather":2,"minecraft:potato":24,"minecraft:oak_stairs":6,"minecraft:birch_planks":2,"minecraft:stripped_spruce_wood":2,"minecraft:oak_log":32,"minecraft:blue_bed":2,"minecraft:dirt":15,"minecraft:string":2,"minecraft:paper":10,"minecraft:bone":11,"minecraft:apple":1,"minecraft:wheat_seeds":3,"minecraft:spruce_planks":82,"minecraft:beef":3,"minecraft:light_gray_wool":2,"minecraft:spruce_slab":9,"minecraft:bamboo":1,"minecraft:sugar_cane":44,"minecraft:chest":1,"minecraft:oak_planks":24,"minecraft:egg":1,"minecraft:dark_oak_stairs":6,"minecraft:iron_boots":1,"minecraft:oak_slab":1,"minecraft:tipped_arrow":1,"minecraft:stick":9,"minecraft:pumpkin":52,"minecraft:oak_fence":1,"minecraft:spruce_stairs":1,"minecraft:porkchop":8,"minecraft:birch_stairs":2,"minecraft:spruce_sapling":5,"minecraft:carrot":13,"minecraft:spruce_log":14,"minecraft:dark_oak_planks":16,"minecraft:arrow":5,"minecraft:rotten_flesh":3,"minecraft:beetroot_seeds":3,"minecraft:emerald":3,"minecraft:oak_sapling":3,"minecraft:mutton":10,"minecraft:dark_oak_fence":1,"minecraft:coal":29,"minecraft:snowball":60,"minecraft:white_wool":5,"minecraft:cobblestone":10},"minecraft:killed":{"minecraft:pig":4,"minecraft:spider":2,"minecraft:skeleton":1,"minecraft:sheep":7,"minecraft:stray":1,"minecraft:cow":1,"minecraft:enderman":1},"minecraft:crafted":{"minecraft:cooked_beef":3,"minecraft:oak_planks":4,"minecraft:wooden_pickaxe":1,"minecraft:furnace":1,"minecraft:cooked_mutton":1,"minecraft:stick":8,"minecraft:wooden_axe":2,"minecraft:white_bed":1}},"DataVersion":3839}