{"stats":{"minecraft:killed_by":{"minecraft:zombie":3},"minecraft:mined":{"minecraft:smithing_table":1,"minecraft:red_carpet":2,"minecraft:white_bed":4,"minecraft:smoker":2,"minecraft:potted_cactus":1,"minecraft:brewing_stand":1,"minecraft:crafting_table":2,"minecraft:short_grass":2,"minecraft:cobblestone":4,"minecraft:spruce_leaves":16,"minecraft:cartography_table":1,"minecraft:sandstone":4,"minecraft:white_carpet":5,"minecraft:spruce_log":33,"minecraft:andesite":4,"minecraft:coal_ore":20,"minecraft:iron_bars":2,"minecraft:sand":2,"minecraft:stone":100},"minecraft:custom":{"minecraft:interact_with_smithing_table":1,"minecraft:mob_kills":29,"minecraft:interact_with_cartography_table":1,"minecraft:interact_with_crafting_table":5,"minecraft:bell_ring":5,"minecraft:leave_game":1,"minecraft:time_since_death":18591,"minecraft:sleep_in_bed":5,"minecraft:climb_one_cm":1425,"minecraft:time_since_rest":24,"minecraft:sprint_one_cm":130613,"minecraft:damage_taken":1163,"minecraft:walk_one_cm":186352,"minecraft:drop":11,"minecraft:damage_dealt":3664,"minecraft:talked_to_villager":3,"minecraft:fly_one_cm":240941,"minecraft:player_kills":1,"minecraft:open_chest":8,"minecraft:crouch_one_cm":869,"minecraft:play_time":43911,"minecraft:deaths":4,"minecraft:sneak_time":825,"minecraft:walk_under_water_one_cm":6722,"minecraft:jump":1097,"minecraft:interact_with_brewingstand":1,"minecraft:walk_on_water_one_cm":6189,"minecraft:total_world_time":43911,"minecraft:fall_one_cm":25140},"minecraft:dropped":{"minecraft:iron_ingot":1,"minecraft:rotten_flesh":4,"minecraft:tipped_arrow":2,"minecraft:wooden_axe":1,"minecraft:wooden_pickaxe":1,"minecraft:bone":2},"minecraft:broken":{"minecraft:wooden_axe":1,"minecraft:wooden_pickaxe":2},"minecraft:used":{"minecraft:leather_leggings":1,"minecraft:cartography_table":1,"minecraft:spruce_planks":102,"minecraft:wooden_pickaxe":141,"minecraft:sandstone":4,"minecraft:leather_boots":1,"minecraft:torch":8,"minecraft:dirt":14,"minecraft:sand":2,"minecraft:crafting_table":4,"minecraft:white_bed":4,"minecraft:spruce_log":5,"minecraft:smoker":2,"minecraft:wooden_axe":44,"minecraft:bread":4,"minecraft:spruce_sapling":1,"minecraft:stone_axe":70,"minecraft:red_carpet":2,"minecraft:cobblestone":91,"minecraft:smithing_table":1,"minecraft:andesite":4,"minecraft:splash_potion":1},"minecraft:picked_up":{"minecraft:wooden_axe":2,"minecraft:crafting_table":9,"minecraft:feather":3,"minecraft:chicken":2,"minecraft:flower_pot":1,"minecraft:andesite":4,"minecraft:smithing_table":1,"minecraft:wooden_pickaxe":12,"minecraft:smoker":5,"minecraft:brewing_stand":2,"minecraft:gunpowder":3,"minecraft:dirt":161,"minecraft:white_carpet":5,"minecraft:red_carpet":2,"minecraft:bone":11,"minecraft:cartography_table":1,"minecraft:spruce_planks":116,"minecraft:iron_ingot":3,"minecraft:poppy":1,"minecraft:egg":2,"minecraft:tipped_arrow":12,"minecraft:stick":17,"minecraft:sandstone":4,"minecraft:sand":2,"minecraft:spruce_sapling":3,"minecraft:white_bed":4,"minecraft:spruce_log":43,"minecraft:arrow":16,"minecraft:cactus":1,"minecraft:rotten_flesh":16,"minecraft:stone_axe":1,"minecraft:iron_bars":1,"minecraft:coal":38,"minecraft:snowball":7,"minecraft:cobblestone":188},"minecraft:killed":{"minecraft:spider":2,"minecraft:iron_golem":1,"minecraft:creeper":3,"minecraft:skeleton":6,"minecraft:zombie":6,"minecraft:chicken":2,"minecraft:stray":2},"minecraft:crafted":{"minecraft:red_dye":1,"minecraft:leather_boots":1,"minecraft:crafting_table":1,"minecraft:spruce_planks":112,"minecraft:wooden_pickaxe":2,"minecraft:stone_axe":1,"minecraft:stick":12,"minecraft:wooden_axe":2,"minecraft:torch":8}},"DataVersion":3839}