{"stats":{"minecraft:mined":{"minecraft:tuff":27,"minecraft:spruce_planks":15,"minecraft:white_bed":1,"minecraft:deepslate_diamond_ore":13,"minecraft:crafting_table":3,"minecraft:granite":3,"minecraft:short_grass":3,"minecraft:emerald_ore":1,"minecraft:chest":4,"minecraft:cobblestone":17,"minecraft:spruce_leaves":8,"minecraft:deepslate_gold_ore":13,"minecraft:oak_planks":1,"minecraft:sugar_cane":2,"minecraft:wall_torch":2,"minecraft:diorite":4,"minecraft:blue_bed":6,"minecraft:raw_iron_block":1,"minecraft:oak_trapdoor":1,"minecraft:furnace":3,"minecraft:iron_ore":23,"minecraft:snow":11,"minecraft:wheat":2,"minecraft:cobbled_deepslate":12,"minecraft:ice":55,"minecraft:spruce_log":16,"minecraft:andesite":3,"minecraft:pumpkin":1,"minecraft:deepslate_lapis_ore":2,"minecraft:potatoes":6,"minecraft:oak_log":4,"minecraft:coal_ore":105,"minecraft:deepslate_iron_ore":62,"minecraft:water_cauldron":1,"minecraft:lantern":1,"minecraft:gravel":3,"minecraft:sand":16,"minecraft:stone":58,"minecraft:gold_ore":2,"minecraft:deepslate":38},"minecraft:killed_by":{"minecraft:creeper":1,"minecraft:zombie":3},"minecraft:killed":{"minecraft:slime":1,"minecraft:skeleton":2,"minecraft:zombie":9,"minecraft:stray":2},"minecraft:crafted":{"minecraft:wooden_sword":1,"minecraft:oak_planks":16,"minecraft:raw_iron":9,"minecraft:wooden_shovel":1,"minecraft:crafting_table":2,"minecraft:baked_potato":9,"minecraft:spruce_planks":64,"minecraft:iron_helmet":1,"minecraft:wooden_pickaxe":1,"minecraft:iron_sword":2,"minecraft:air":0,"minecraft:iron_boots":2,"minecraft:iron_chestplate":1,"minecraft:iron_axe":1,"minecraft:stick":20,"minecraft:iron_ingot":40,"minecraft:iron_pickaxe":3,"minecraft:stone_pickaxe":1,"minecraft:wooden_axe":1,"minecraft:iron_leggings":1,"minecraft:torch":4},"minecraft:broken":{"minecraft:iron_pickaxe":1},"minecraft:used":{"minecraft:stone_pickaxe":61,"minecraft:oak_planks":5,"minecraft:chest":4,"minecraft:spruce_planks":43,"minecraft:wooden_pickaxe":55,"minecraft:shield":45,"minecraft:iron_sword":28,"minecraft:wooden_shovel":30,"minecraft:blue_bed":6,"minecraft:iron_chestplate":1,"minecraft:torch":6,"minecraft:sand":3,"minecraft:crafting_table":5,"minecraft:tuff":24,"minecraft:wooden_axe":35,"minecraft:lava_bucket":3,"minecraft:lantern":1,"minecraft:iron_pickaxe":324,"minecraft:iron_axe":12,"minecraft:iron_boots":1,"minecraft:wooden_sword":10,"minecraft:cobblestone":52,"minecraft:furnace":3,"minecraft:bucket":3,"minecraft:potato":7,"minecraft:cobbled_deepslate":32},"minecraft:dropped":{"minecraft:iron_sword":1,"minecraft:iron_boots":2,"minecraft:white_bed":1,"minecraft:spruce_planks":1},"minecraft:custom":{"minecraft:interact_with_smithing_table":1,"minecraft:interact_with_furnace":38,"minecraft:mob_kills":14,"minecraft:interact_with_crafting_table":31,"minecraft:open_barrel":1,"minecraft:leave_game":9,"minecraft:time_since_death":5610,"minecraft:sleep_in_bed":2,"minecraft:time_since_rest":5643,"minecraft:sprint_one_cm":166335,"minecraft:damage_taken":1560,"minecraft:walk_one_cm":411886,"minecraft:damage_blocked_by_shield":940,"minecraft:damage_dealt":2354,"minecraft:drop":5,"minecraft:fly_one_cm":162387,"minecraft:open_chest":39,"minecraft:crouch_one_cm":5671,"minecraft:play_time":132550,"minecraft:deaths":6,"minecraft:sneak_time":2168,"minecraft:walk_under_water_one_cm":10660,"minecraft:jump":1746,"minecraft:walk_on_water_one_cm":19096,"minecraft:total_world_time":132550,"minecraft:fall_one_cm":26322},"minecraft:picked_up":{"minecraft:wooden_axe":3,"minecraft:crafting_table":3,"minecraft:iron_chestplate":2,"minecraft:wheat":2,"minecraft:glow_ink_sac":4,"minecraft:andesite":12,"minecraft:wooden_pickaxe":1,"minecraft:potato":28,"minecraft:flint":2,"minecraft:tuff":26,"minecraft:oak_log":4,"minecraft:shield":5,"minecraft:iron_axe":1,"minecraft:lapis_lazuli":67,"minecraft:oak_trapdoor":3,"minecraft:dirt":2,"minecraft:blue_bed":6,"minecraft:lantern":2,"minecraft:raw_copper":47,"minecraft:wooden_sword":1,"minecraft:bone":11,"minecraft:bow":4,"minecraft:wheat_seeds":10,"minecraft:cobbled_deepslate":52,"minecraft:raw_gold":15,"minecraft:bucket":1,"minecraft:spruce_planks":46,"minecraft:iron_ingot":15,"minecraft:stone_pickaxe":4,"minecraft:iron_pickaxe":6,"minecraft:sugar_cane":18,"minecraft:chest":6,"minecraft:iron_sword":3,"minecraft:oak_planks":20,"minecraft:iron_boots":5,"minecraft:furnace":3,"minecraft:stick":18,"minecraft:raw_iron":90,"minecraft:pumpkin":3,"minecraft:torch":5,"minecraft:poisonous_potato":6,"minecraft:raw_iron_block":1,"minecraft:gravel":4,"minecraft:sand":21,"minecraft:spruce_sapling":3,"minecraft:diorite":9,"minecraft:white_bed":1,"minecraft:spruce_log":23,"minecraft:cauldron":3,"minecraft:rotten_flesh":25,"minecraft:slime_ball":2,"minecraft:diamond":18,"minecraft:granite":1,"minecraft:emerald":3,"minecraft:coal":203,"minecraft:snowball":9,"minecraft:cobblestone":126}},"DataVersion":3839}