{"stats":{"minecraft:picked_up":{"minecraft:wooden_axe":3,"minecraft:wheat":1,"minecraft:iron_chestplate":1,"minecraft:crafting_table":3,"minecraft:glow_ink_sac":4,"minecraft:andesite":12,"minecraft:wooden_pickaxe":1,"minecraft:potato":19,"minecraft:flint":2,"minecraft:tuff":26,"minecraft:oak_log":4,"minecraft:shield":4,"minecraft:oak_trapdoor":3,"minecraft:lapis_lazuli":63,"minecraft:dirt":2,"minecraft:blue_bed":6,"minecraft:raw_copper":47,"minecraft:wooden_sword":1,"minecraft:bone":7,"minecraft:bow":4,"minecraft:wheat_seeds":10,"minecraft:cobbled_deepslate":51,"minecraft:raw_gold":15,"minecraft:bucket":1,"minecraft:spruce_planks":33,"minecraft:iron_ingot":8,"minecraft:stone_pickaxe":3,"minecraft:iron_pickaxe":4,"minecraft:iron_sword":1,"minecraft:sugar_cane":18,"minecraft:chest":6,"minecraft:oak_planks":20,"minecraft:iron_boots":4,"minecraft:furnace":3,"minecraft:stick":11,"minecraft:raw_iron":90,"minecraft:pumpkin":3,"minecraft:torch":5,"minecraft:poisonous_potato":6,"minecraft:raw_iron_block":1,"minecraft:gravel":4,"minecraft:sand":21,"minecraft:spruce_sapling":3,"minecraft:diorite":9,"minecraft:white_bed":1,"minecraft:spruce_log":23,"minecraft:cauldron":3,"minecraft:rotten_flesh":21,"minecraft:slime_ball":2,"minecraft:diamond":18,"minecraft:granite":1,"minecraft:emerald":2,"minecraft:coal":87,"minecraft:snowball":9,"minecraft:cobblestone":82},"minecraft:killed":{"minecraft:slime":1,"minecraft:skeleton":2,"minecraft:zombie":7,"minecraft:stray":1},"minecraft:crafted":{"minecraft:wooden_sword":1,"minecraft:oak_planks":16,"minecraft:raw_iron":9,"minecraft:wooden_shovel":1,"minecraft:crafting_table":2,"minecraft:spruce_planks":64,"minecraft:wooden_pickaxe":1,"minecraft:iron_sword":2,"minecraft:air":0,"minecraft:iron_boots":2,"minecraft:iron_chestplate":1,"minecraft:iron_axe":1,"minecraft:stick":20,"minecraft:iron_ingot":35,"minecraft:iron_pickaxe":3,"minecraft:stone_pickaxe":1,"minecraft:wooden_axe":1,"minecraft:torch":4},"minecraft:dropped":{"minecraft:iron_boots":2,"minecraft:white_bed":1,"minecraft:spruce_planks":1},"minecraft:custom":{"minecraft:interact_with_smithing_table":1,"minecraft:interact_with_furnace":28,"minecraft:mob_kills":11,"minecraft:interact_with_crafting_table":27,"minecraft:open_barrel":1,"minecraft:leave_game":7,"minecraft:time_since_death":10603,"minecraft:sleep_in_bed":2,"minecraft:time_since_rest":10641,"minecraft:sprint_one_cm":143399,"minecraft:damage_taken":1283,"minecraft:walk_one_cm":358421,"minecraft:damage_blocked_by_shield":749,"minecraft:drop":4,"minecraft:damage_dealt":1874,"minecraft:fly_one_cm":135982,"minecraft:open_chest":32,"minecraft:crouch_one_cm":5125,"minecraft:play_time":106512,"minecraft:deaths":5,"minecraft:sneak_time":2007,"minecraft:walk_under_water_one_cm":4220,"minecraft:jump":1519,"minecraft:walk_on_water_one_cm":14131,"minecraft:total_world_time":106512,"minecraft:fall_one_cm":21679},"minecraft:used":{"minecraft:stone_pickaxe":61,"minecraft:oak_planks":5,"minecraft:wooden_pickaxe":55,"minecraft:chest":4,"minecraft:spruce_planks":20,"minecraft:shield":40,"minecraft:iron_sword":18,"minecraft:blue_bed":6,"minecraft:wooden_shovel":30,"minecraft:iron_chestplate":1,"minecraft:torch":6,"minecraft:sand":3,"minecraft:crafting_table":5,"minecraft:tuff":24,"minecraft:wooden_axe":35,"minecraft:lava_bucket":3,"minecraft:iron_axe":7,"minecraft:iron_pickaxe":263,"minecraft:iron_boots":1,"minecraft:wooden_sword":10,"minecraft:cobblestone":29,"minecraft:furnace":3,"minecraft:bucket":3,"minecraft:potato":7,"minecraft:cobbled_deepslate":32},"minecraft:mined":{"minecraft:tuff":27,"minecraft:spruce_planks":10,"minecraft:white_bed":1,"minecraft:deepslate_diamond_ore":13,"minecraft:crafting_table":3,"minecraft:granite":3,"minecraft:short_grass":3,"minecraft:emerald_ore":1,"minecraft:chest":4,"minecraft:cobblestone":2,"minecraft:spruce_leaves":8,"minecraft:deepslate_gold_ore":13,"minecraft:sugar_cane":2,"minecraft:oak_planks":1,"minecraft:diorite":4,"minecraft:wall_torch":2,"minecraft:blue_bed":6,"minecraft:raw_iron_block":1,"minecraft:oak_trapdoor":1,"minecraft:furnace":3,"minecraft:iron_ore":23,"minecraft:wheat":2,"minecraft:cobbled_deepslate":12,"minecraft:snow":11,"minecraft:ice":55,"minecraft:spruce_log":16,"minecraft:andesite":3,"minecraft:pumpkin":1,"minecraft:deepslate_lapis_ore":2,"minecraft:potatoes":6,"minecraft:oak_log":4,"minecraft:coal_ore":76,"minecraft:deepslate_iron_ore":62,"minecraft:water_cauldron":1,"minecraft:gravel":3,"minecraft:sand":16,"minecraft:stone":42,"minecraft:gold_ore":2,"minecraft:deepslate":38},"minecraft:killed_by":{"minecraft:creeper":1,"minecraft:zombie":2}},"DataVersion":3839}