{"stats":{"minecraft:mined":{"minecraft:spruce_planks":2,"minecraft:white_bed":1,"minecraft:furnace":4,"minecraft:carrots":4,"minecraft:iron_ore":9,"minecraft:wheat":6,"minecraft:spruce_log":6,"minecraft:stripped_spruce_log":36,"minecraft:crafting_table":1,"minecraft:torch":1,"minecraft:granite":1,"minecraft:grass_block":3,"minecraft:potatoes":18,"minecraft:coal_ore":12,"minecraft:spruce_leaves":2,"minecraft:stone":3},"minecraft:custom":{"minecraft:time_since_rest":30535,"minecraft:interact_with_furnace":17,"minecraft:sprint_one_cm":106146,"minecraft:damage_taken":583,"minecraft:walk_one_cm":102069,"minecraft:damage_blocked_by_shield":110,"minecraft:mob_kills":6,"minecraft:damage_dealt":1258,"minecraft:interact_with_crafting_table":1,"minecraft:fly_one_cm":261705,"minecraft:talked_to_villager":1,"minecraft:open_chest":3,"minecraft:play_time":42080,"minecraft:crouch_one_cm":3336,"minecraft:sneak_time":961,"minecraft:walk_under_water_one_cm":688,"minecraft:jump":933,"minecraft:leave_game":2,"minecraft:walk_on_water_one_cm":1805,"minecraft:time_since_death":42080,"minecraft:sleep_in_bed":2,"minecraft:total_world_time":42080,"minecraft:fall_one_cm":25499},"minecraft:used":{"minecraft:wheat_seeds":2,"minecraft:cooked_mutton":4,"minecraft:wooden_axe":3,"minecraft:diorite":3,"minecraft:stone_pickaxe":31,"minecraft:baked_potato":3,"minecraft:spruce_planks":16,"minecraft:shield":4,"minecraft:rotten_flesh":5,"minecraft:torch":6,"minecraft:stone_axe":82,"minecraft:furnace":1,"minecraft:carrot":5,"minecraft:granite":4},"minecraft:picked_up":{"minecraft:wooden_axe":1,"minecraft:crafting_table":2,"minecraft:raw_iron":9,"minecraft:torch":6,"minecraft:wooden_pickaxe":1,"minecraft:potato":19,"minecraft:gunpowder":5,"minecraft:stripped_spruce_log":36,"minecraft:spruce_sapling":1,"minecraft:shield":1,"minecraft:diorite":3,"minecraft:spruce_log":5,"minecraft:white_bed":1,"minecraft:carrot":9,"minecraft:spider_eye":2,"minecraft:spruce_door":1,"minecraft:dirt":3,"minecraft:string":1,"minecraft:cooked_mutton":6,"minecraft:arrow":3,"minecraft:bone":3,"minecraft:rotten_flesh":5,"minecraft:stone_axe":1,"minecraft:bow":1,"minecraft:wheat_seeds":7,"minecraft:spruce_planks":1,"minecraft:granite":4,"minecraft:stone_pickaxe":1,"minecraft:coal":20,"minecraft:cobblestone":4,"minecraft:furnace":4},"minecraft:killed":{"minecraft:zombie":3,"minecraft:spider":1,"minecraft:creeper":2},"minecraft:crafted":{"minecraft:cooked_porkchop":2,"minecraft:spruce_planks":20,"minecraft:baked_potato":6,"minecraft:iron_ingot":7,"minecraft:cooked_mutton":4}},"DataVersion":3839}