{"stats":{"minecraft:killed_by":{"minecraft:spider":1},"minecraft:custom":{"minecraft:jump":45,"minecraft:time_since_rest":413,"minecraft:damage_dealt":46,"minecraft:damage_taken":250,"minecraft:crouch_one_cm":211,"minecraft:leave_game":2,"minecraft:play_time":1003,"minecraft:sprint_one_cm":2569,"minecraft:time_since_death":384,"minecraft:walk_one_cm":2495,"minecraft:deaths":1,"minecraft:sneak_time":40,"minecraft:total_world_time":1003,"minecraft:mob_kills":1,"minecraft:fly_one_cm":7399,"minecraft:fall_one_cm":1085},"minecraft:used":{"minecraft:dirt":1,"minecraft:snowball":3},"minecraft:picked_up":{"minecraft:snowball":21,"minecraft:dirt":11}},"DataVersion":3839}