{"stats":{"minecraft:killed_by":{"minecraft:zombie":1},"minecraft:mined":{"minecraft:jungle_leaves":3,"minecraft:oak_leaves":5},"minecraft:custom":{"minecraft:jump":89,"minecraft:time_since_rest":6855,"minecraft:damage_taken":255,"minecraft:walk_one_cm":5705,"minecraft:crouch_one_cm":2369,"minecraft:leave_game":4,"minecraft:sprint_one_cm":2085,"minecraft:play_time":12220,"minecraft:time_since_death":5494,"minecraft:deaths":1,"minecraft:sneak_time":609,"minecraft:total_world_time":12220,"minecraft:climb_one_cm":1880,"minecraft:fall_one_cm":4573,"minecraft:fly_one_cm":4605}},"DataVersion":3839}