{"stats":{"minecraft:mined":{"minecraft:spruce_planks":31,"minecraft:white_bed":1,"minecraft:spruce_door":1,"minecraft:brewing_stand":1,"minecraft:crafting_table":7,"minecraft:granite":3,"minecraft:short_grass":1,"minecraft:emerald_ore":1,"minecraft:grass_block":1,"minecraft:chest":1,"minecraft:cobblestone":1,"minecraft:spruce_leaves":14,"minecraft:sugar_cane":9,"minecraft:sandstone":5,"minecraft:wall_torch":2,"minecraft:furnace":6,"minecraft:carrots":5,"minecraft:iron_ore":8,"minecraft:fire":1,"minecraft:wheat":6,"minecraft:spruce_log":21,"minecraft:ice":3,"minecraft:stripped_spruce_log":26,"minecraft:andesite":5,"minecraft:potatoes":12,"minecraft:coal_ore":18,"minecraft:sand":168,"minecraft:dirt":9,"minecraft:stone":50,"minecraft:oak_leaves":6},"minecraft:killed_by":{"minecraft:player":1,"minecraft:stray":1,"minecraft:enderman":1},"minecraft:killed":{"minecraft:pig":5,"minecraft:zombie_villager":1,"minecraft:spider":7,"minecraft:creeper":3,"minecraft:skeleton":10,"minecraft:sheep":11,"minecraft:zombie":20,"minecraft:chicken":4,"minecraft:stray":6},"minecraft:crafted":{"minecraft:arrow":16,"minecraft:cooked_porkchop":6,"minecraft:crafting_table":5,"minecraft:spruce_planks":120,"minecraft:wooden_pickaxe":2,"minecraft:cooked_chicken":4,"minecraft:spruce_door":3,"minecraft:furnace":2,"minecraft:bone_meal":36,"minecraft:stone_axe":1,"minecraft:cooked_mutton":10,"minecraft:air":0,"minecraft:bow":2,"minecraft:shield":2,"minecraft:iron_axe":1,"minecraft:stick":28,"minecraft:iron_ingot":11,"minecraft:iron_pickaxe":1,"minecraft:stone_pickaxe":1,"minecraft:wooden_axe":2,"minecraft:stone_sword":1,"minecraft:iron_shovel":1,"minecraft:white_bed":1,"minecraft:spruce_boat":1,"minecraft:torch":12},"minecraft:used":{"minecraft:wheat_seeds":5,"minecraft:cooked_mutton":4,"minecraft:stone_sword":128,"minecraft:iron_shovel":163,"minecraft:spruce_door":7,"minecraft:glass_bottle":1,"minecraft:stone_pickaxe":35,"minecraft:chest":1,"minecraft:spruce_planks":19,"minecraft:wooden_pickaxe":14,"minecraft:leather_chestplate":1,"minecraft:shield":20,"minecraft:leather_boots":1,"minecraft:cooked_chicken":4,"minecraft:rotten_flesh":25,"minecraft:torch":7,"minecraft:dirt":19,"minecraft:sand":8,"minecraft:crafting_table":10,"minecraft:carrot":4,"minecraft:white_bed":1,"minecraft:golden_chestplate":1,"minecraft:snowball":55,"minecraft:spruce_boat":2,"minecraft:wooden_axe":20,"minecraft:iron_pickaxe":49,"minecraft:iron_axe":108,"minecraft:fire_charge":1,"minecraft:cobblestone":24,"minecraft:stone_axe":1,"minecraft:potion":1,"minecraft:porkchop":2,"minecraft:furnace":8,"minecraft:cooked_porkchop":3,"minecraft:andesite":5,"minecraft:bone_meal":6},"minecraft:dropped":{"minecraft:stone_axe":1,"minecraft:iron_nugget":1,"minecraft:rotten_flesh":1,"minecraft:granite":3,"minecraft:cooked_mutton":6,"minecraft:carrot":5,"minecraft:filled_map":1,"minecraft:shield":1,"minecraft:gunpowder":2,"minecraft:torch":5,"minecraft:wooden_axe":1,"minecraft:spider_eye":3,"minecraft:sand":58,"minecraft:arrow":3,"minecraft:stone_pickaxe":1,"minecraft:wooden_pickaxe":1,"minecraft:string":3,"minecraft:spruce_sapling":1,"minecraft:black_wool":2,"minecraft:bone":3},"minecraft:custom":{"minecraft:interact_with_furnace":32,"minecraft:mob_kills":69,"minecraft:interact_with_crafting_table":27,"minecraft:leave_game":4,"minecraft:time_since_death":78960,"minecraft:sleep_in_bed":1,"minecraft:time_since_rest":18376,"minecraft:sprint_one_cm":216729,"minecraft:damage_taken":1724,"minecraft:walk_one_cm":124864,"minecraft:damage_blocked_by_shield":578,"minecraft:drop":29,"minecraft:damage_dealt":10972,"minecraft:player_kills":1,"minecraft:swim_one_cm":60046,"minecraft:fly_one_cm":641315,"minecraft:open_chest":13,"minecraft:crouch_one_cm":29750,"minecraft:play_time":85784,"minecraft:deaths":3,"minecraft:sneak_time":9753,"minecraft:walk_under_water_one_cm":24824,"minecraft:boat_one_cm":156575,"minecraft:jump":2625,"minecraft:walk_on_water_one_cm":6842,"minecraft:total_world_time":85784,"minecraft:fall_one_cm":64654},"minecraft:picked_up":{"minecraft:wooden_axe":1,"minecraft:crafting_table":7,"minecraft:feather":4,"minecraft:chicken":4,"minecraft:andesite":5,"minecraft:wooden_pickaxe":1,"minecraft:potato":12,"minecraft:brewing_stand":1,"minecraft:gunpowder":4,"minecraft:string":11,"minecraft:dirt":92,"minecraft:bone":17,"minecraft:bow":3,"minecraft:wheat_seeds":5,"minecraft:spruce_planks":31,"minecraft:sugar_cane":32,"minecraft:chest":1,"minecraft:furnace":6,"minecraft:tipped_arrow":3,"minecraft:stick":2,"minecraft:raw_iron":8,"minecraft:torch":2,"minecraft:porkchop":10,"minecraft:sand":127,"minecraft:stripped_spruce_log":26,"minecraft:spruce_sapling":2,"minecraft:white_bed":1,"minecraft:spruce_log":20,"minecraft:carrot":11,"minecraft:spruce_door":5,"minecraft:spider_eye":3,"minecraft:arrow":16,"minecraft:rotten_flesh":32,"minecraft:spruce_boat":1,"minecraft:granite":3,"minecraft:emerald":1,"minecraft:black_wool":2,"minecraft:mutton":17,"minecraft:coal":29,"minecraft:snowball":91,"minecraft:white_wool":10,"minecraft:cobblestone":53}},"DataVersion":3839}