{"stats":{"minecraft:killed":{"minecraft:spider":1},"minecraft:custom":{"minecraft:jump":18,"minecraft:time_since_rest":378,"minecraft:leave_game":1,"minecraft:damage_dealt":76,"minecraft:crouch_one_cm":241,"minecraft:sprint_one_cm":588,"minecraft:play_time":378,"minecraft:damage_taken":60,"minecraft:time_since_death":378,"minecraft:walk_one_cm":1444,"minecraft:sneak_time":17,"minecraft:total_world_time":378,"minecraft:mob_kills":1,"minecraft:fall_one_cm":209,"minecraft:fly_one_cm":2678}},"DataVersion":3839}