{"stats":{"minecraft:killed_by":{"minecraft:zombie":1},"minecraft:custom":{"minecraft:jump":54,"minecraft:time_since_rest":1325,"minecraft:deaths":1,"minecraft:damage_taken":255,"minecraft:crouch_one_cm":1316,"minecraft:play_time":6690,"minecraft:leave_game":2,"minecraft:sprint_one_cm":1558,"minecraft:time_since_death":0,"minecraft:walk_one_cm":3420,"minecraft:sneak_time":315,"minecraft:climb_one_cm":1880,"minecraft:total_world_time":6690,"minecraft:fall_one_cm":2901,"minecraft:fly_one_cm":3306},"minecraft:mined":{"minecraft:jungle_leaves":1,"minecraft:oak_leaves":5}},"DataVersion":3839}