{"stats":{"minecraft:killed_by":{"minecraft:zombie":1},"minecraft:custom":{"minecraft:jump":67,"minecraft:time_since_rest":3819,"minecraft:damage_taken":255,"minecraft:walk_one_cm":4757,"minecraft:crouch_one_cm":2057,"minecraft:leave_game":3,"minecraft:sprint_one_cm":2050,"minecraft:play_time":9184,"minecraft:time_since_death":2458,"minecraft:deaths":1,"minecraft:sneak_time":536,"minecraft:total_world_time":9184,"minecraft:climb_one_cm":1880,"minecraft:fall_one_cm":3319,"minecraft:fly_one_cm":4394},"minecraft:mined":{"minecraft:jungle_leaves":3,"minecraft:oak_leaves":5}},"DataVersion":3839}