{"stats":{"minecraft:mined":{"minecraft:crafting_table":2,"minecraft:grass_block":4,"minecraft:chest":1,"minecraft:cobblestone":2,"minecraft:spruce_leaves":6,"minecraft:blue_bed":1,"minecraft:carrots":6,"minecraft:iron_ore":3,"minecraft:wheat":5,"minecraft:spruce_log":12,"minecraft:potatoes":24,"minecraft:coal_ore":17,"minecraft:gravel":1,"minecraft:dirt":1,"minecraft:stone":10},"minecraft:killed_by":{"minecraft:player":1},"minecraft:custom":{"minecraft:mob_kills":5,"minecraft:interact_with_crafting_table":3,"minecraft:bell_ring":4,"minecraft:leave_game":1,"minecraft:time_since_death":14841,"minecraft:sleep_in_bed":2,"minecraft:climb_one_cm":527,"minecraft:time_since_rest":14873,"minecraft:sprint_one_cm":152677,"minecraft:damage_taken":747,"minecraft:walk_one_cm":119344,"minecraft:drop":43,"minecraft:damage_dealt":1214,"minecraft:swim_one_cm":9146,"minecraft:fly_one_cm":183209,"minecraft:player_kills":1,"minecraft:open_chest":5,"minecraft:crouch_one_cm":4108,"minecraft:play_time":49271,"minecraft:deaths":2,"minecraft:sneak_time":1903,"minecraft:walk_under_water_one_cm":8238,"minecraft:boat_one_cm":23226,"minecraft:jump":787,"minecraft:walk_on_water_one_cm":3686,"minecraft:total_world_time":49271,"minecraft:fall_one_cm":13283},"minecraft:dropped":{"minecraft:sugar_cane":23,"minecraft:birch_planks":1,"minecraft:wheat_seeds":5,"minecraft:iron_nugget":15,"minecraft:bowl":1,"minecraft:crafting_table":1,"minecraft:obsidian":2,"minecraft:golden_axe":1,"minecraft:white_carpet":4,"minecraft:rotten_flesh":1,"minecraft:light_gray_wool":1,"minecraft:iron_boots":1,"minecraft:light_gray_carpet":3,"minecraft:carrot":12,"minecraft:flint":4,"minecraft:stick":7,"minecraft:emerald":3,"minecraft:dirt":4,"minecraft:spruce_planks":58,"minecraft:wooden_axe":2,"minecraft:beetroot_seeds":3,"minecraft:chest":1,"minecraft:snowball":20,"minecraft:redstone_torch":1,"minecraft:bamboo":1,"minecraft:spruce_log":10,"minecraft:wooden_pickaxe":2,"minecraft:stripped_spruce_wood":2,"minecraft:paper":10,"minecraft:blue_bed":1,"minecraft:bone":2},"minecraft:used":{"minecraft:stone_sword":23,"minecraft:stone_pickaxe":28,"minecraft:wooden_pickaxe":5,"minecraft:salmon":1,"minecraft:dirt":1,"minecraft:white_carpet":1,"minecraft:crafting_table":2,"minecraft:carrot":7,"minecraft:snowball":5,"minecraft:spruce_boat":1,"minecraft:gravel":1,"minecraft:cobblestone":2,"minecraft:potato":21,"minecraft:golden_axe":1},"minecraft:picked_up":{"minecraft:wooden_axe":2,"minecraft:crafting_table":2,"minecraft:salmon":1,"minecraft:wooden_pickaxe":1,"minecraft:potato":21,"minecraft:birch_planks":1,"minecraft:flint":4,"minecraft:stripped_spruce_wood":2,"minecraft:string":3,"minecraft:dirt":5,"minecraft:blue_bed":1,"minecraft:paper":10,"minecraft:white_carpet":5,"minecraft:bone":3,"minecraft:wheat_seeds":5,"minecraft:spruce_planks":41,"minecraft:iron_ingot":3,"minecraft:redstone_torch":1,"minecraft:iron_nugget":15,"minecraft:light_gray_wool":1,"minecraft:bamboo":1,"minecraft:sugar_cane":23,"minecraft:chest":1,"minecraft:iron_boots":1,"minecraft:golden_helmet":1,"minecraft:stick":4,"minecraft:raw_iron":3,"minecraft:bowl":1,"minecraft:gravel":1,"minecraft:golden_axe":1,"minecraft:spruce_log":22,"minecraft:carrot":19,"minecraft:rotten_flesh":1,"minecraft:beetroot_seeds":3,"minecraft:emerald":3,"minecraft:light_gray_carpet":3,"minecraft:coal":17,"minecraft:obsidian":2,"minecraft:snowball":25,"minecraft:cobblestone":12},"minecraft:killed":{"minecraft:salmon":1,"minecraft:spider":2,"minecraft:zombie":1,"minecraft:stray":1},"minecraft:crafted":{"minecraft:crafting_table":2,"minecraft:spruce_planks":38,"minecraft:wooden_pickaxe":1,"minecraft:stick":8,"minecraft:stone_pickaxe":1,"minecraft:stone_sword":1,"minecraft:spruce_boat":1}},"DataVersion":3839}